"Hola, para ocupar el puesto de presidente es requisito tener el t√≠tulo de ingenier√≠a?"
A ver: El informe que se presenta en estos casos NO ES UNA TESIS . NO PRETENDE NUNCA SER UN TRABAJO ORIGINAL COMO SI LO ES UNA TESIS.
"Es un informe sobre trabajo realizado Y NO UN TRABAJO EN S√ç‚Ä¶ SOLO SIRVE PARA SOPORTAR EL TRABAJO RESLIZADO, QUE ES LO QUE OTORGA EL GRADO."
Para ser periodistas ustedes est√°n o muy mal informados o act√∫an con dolo.
HAY QUE ANALIZAR LAS TESIS DE TODOOOOOOOS INCLUYENDO EL PRESIDENTE Y CLARO LA SRA. ESQUIVEL.....
"Yo que si he hecho tesis. En los documentos acad√©micos hay una tolerancia de % del documento que si tiene problemas de citaci√≥n y similares se considera plagio accidental, esto quiere decir que es un problema de citas y forma de referencia. Lo anterior no descalifica el documento. Ahora, ella no hizo tesis, hizo informe de casos por experiencia profesional el cual se acompa√±a de un marco te√≥rico breve, dentro de dicho marco te√≥rico ella tomo p√°rrafos de un informe del cambio clim√°tico y otras fuentes pero ella no se atribuyo dicha informaci√≥n y resultados como propios, si no que se entend√≠a en el contexto del marco te√≥rico. Eso hace que el informe no sea un plagio, solamente tiene deficiencias pero no descalifica el reporte de los casos presentados. Ya si esto no lo entienden pues ni como ayudarlos. Saludos"
Mi apoyo siempre para X√≥chitl!!! ü©∑ü©∑ü©∑ü©∑
"El caso de la Minustra Esquivel, se prob√≥ por la misma directora de Tesis,  que ella no plagio sino que fue plagiada. Investiguen por favor"
Al final no hay mejor candidato que üí•‚ù§Ô∏èXochitlVA no hay persona perfecta no la excus√≥ es de sabios reconocer y apoyarla al final que es mejor que Claudia est√°  guerra David contra Golear no la tiene f√°cil
Ahora resulta que investig√≥ bien el PROYECTO...... NO TESIS!!!!!! De la Senadora
"Pero les sali√≥ el tiro por la culata..... porque la Senadora acepta que cometi√≥ un error, m√°s no que haya plagiado."
"YA NO SABEN QUE HACER, PARA FREGARLA , QUE MIEDO TIENEN !!!! Esa CONJURA ES VERDAD !!!"
Unos cuantos p√°rrafos no har√°n que cambie  Mi Total Apoyo A X√≥chitl G√°lvezüíñ.
LO BUENO ES QUE ESO NO LE IMPIDE SER PRESIDENTA DE M√âXICO üíü
Por favor! No es plagio todos en nuestras tesis ponemos p√°rrafos de nuestro investigaci√≥n.
"Gracias por investigar, podr√≠as investigar el Doctorado de Monreal y publicarlo, gracias"
"No se necesita un t√≠tulo para ser presidente de la Rep√∫blica,  ARRIBA XOCHITL, MI VOTO PARA ELLA"
Marquitos te encargo que revises mi tesis tambi√©n...‚ù§XG‚ù§
Seria bueno revisar la tesis de Claudita S.
Lo que marca la diferencia entre el fraude y el error son la conjugaci√≥n de dos elementos:
"La extensi√≥n del plagio, esto es su importancia cuantitativa."
"La significaci√≥n de los contenidos plagiados seg√∫n su ubicaci√≥n, esto es su importancia cualitativa."
"Omitir unas referencias no es plagiar una tesis, si esas referencias sirven para probar una tesis que solo se apoya en ellas. Habr√° que ver si es as√≠ y eso es lo que tiene que revisar la UNAM"
Marquito...
"Es un trabajo de investigaci√≥n, m√°s no, es una tesis....¬°te equivocaste!"
"Ya no saben que hacer , para desprestigiarla.   Pero X√≥chitl vamos contigo!"
"Que barbaridad con Xochitl que la juzgan por seis p√°rrafos de un informe de  p√°ginas, que no cit√≥, c√≥mo si hubiera atado, robado c√≥mo los politiquillos de morena y a ellos no se les dice nada,. Adem√°s hay que recordar que para ser senadora o presidenta no se necesita un t√≠tulo y sin embargo para ser Ministra si, y a Jasmin Esquivel no le hicieron nada."
"Los ladrones, creen que todos son de su condici√≥n!!!!"
Me deja mucho que desear el estilo de este hombre!
ay q grave asunto! qu√≠tenle las computadoras a Xochitl! asi como le quitaron a la Juez Plagios la procuraci√≥n de Justicia‚Ä¶üòÇ
Errores aceptados de X√≥chitl contra la negligencia y la enorme corrupci√≥n de Sheinbaum que llev√≥ a la muerte de  peque√±os y  adultos del Colegio Rebsamen.
"Hizo referencia a programas sociales, aunque no cit√≥ la fuente. Eso noces plagio. Su tesis fue sobre casos pr√°cticos que present√≥, no era te√≥rica."
Levario porqu√© no investigas a Monreal?
